{
    "yellowpage":[
        {
            "cat":"Ciekawe strony",
            "sites":[
                {
                    "title":"Wykop",
                    "url":"http://wykop.pl"
                },
                {
                    "title":"MIUIPolska",
                    "url":"http://miuipolska.pl/"
                },
                {
                    "title":"Android PL",
                    "url":"http://android.com.pl/"
                },
                {
                    "title":"Google",
                    "url":"http://google.com/"
                },
                {
                    "title":"Wikipedia",
                    "url":"http://pl.wikipedia.org/"
                },
                {
                    "title":"Facebook",
                    "url":"http://facebook.com/"
                },
                {
                    "title":"Allegro",
                    "url":"http://allegro.pl/"
                },
                {
                    "title":"Bash.org",
                    "url":"http://bash.org.pl"
                },
                {
                    "title":"Youtube",
                    "url":"http://youtube.com/"
                }
            ]
        },
        {
            "cat":"Wiadomości",
            "sites":[
                {
                    "title":"Onet.pl",
                    "url":"http://wiadomosci.onet.pl/"
                },
                {
                    "title":"WP",
                    "url":"http://wiadomosci.wp.pl/"
                },
                {
                    "title":"Dziennik",
                    "url":"http://wiadomosci.dziennik.pl/"
                },
                {
                    "title":"Gazeta",
                    "url":"http://wiadomosci.gazeta.pl/"
                },
                {
                    "title":"Times",
                    "url":"http://www.polskatimes.pl/"
                },
                {
                    "title":"Wykop",
                    "url":"http://wykop.pl/"
                },
                {
                    "title":"Google",
                    "url":"http://news.google.pl/"
                },
                {
                    "title":"Interia",
                    "url":"http://www.interia.pl/"
                }
            ]
        },
        {
            "cat":"Technologie",
            "sites":[
                {
                    "title":"FrazPC",
                    "url":"http://frazpc.pl/"
                },
                {
                    "title":"PCLab.pl",
                    "url":"http://pclab.pl/"
                },
                {
                    "title":"CHIP",
                    "url":"http://chip.pl/"
                },
                {
                    "title":"Hacking",
                    "url":"http://hacking.pl/"
                },
                {
                    "title":"XDA",
                    "url":"http://xda-developers.com/"
                },
                {
                    "title":"IDG",
                    "url":"http://idg.pl/"
                }
            ]
        },
        {
            "cat":"Społecznościowe",
            "sites":[
                {
                    "title":"Facebook",
                    "url":"http://facebook.com"
                },
                {
                    "title":"NK",
                    "url":"http://nk.pl/"
                },
                {
                    "title":"Twitter",
                    "url":"http://twitter.com/"
                }
            ]
        },
        {
            "cat":"Wideo",
            "sites":[
                {
                    "title":"Hulu",
                    "url":"http://hulu.com/"
                },
                {
                    "title":"Viemo",
                    "url":"http://viemo.com/"
                },
                {
                    "title":"Youtube",
                    "url":"http://youtube.com"
                },
                {
                    "title":"Netflix",
                    "url":"http://netflix.com/"
                },
                {
                    "title":"IMDB",
                    "url":"http://imdb.com/"
                }
            ]
        },
        {
            "cat":"Muzyka",
            "sites":[
                {
                    "title":"last.fm",
                    "url":"http://last.fm/"
                },
                {
                    "title":"Pandora",
                    "url":"http://pandora.com/"
                },
                {
                    "title":"AllMusic",
                    "url":"http://allmusic.com"
                }
            ]
        },
        {
            "cat":"Sport",
            "sites":[
                {
                    "title":"Go.com",
                    "url":"http://Go.com/"
                },
                {
                    "title":"Sports.pl",
                    "url":"http://new.sports.pl/"
                },
                {
                    "title":"NFL",
                    "url":"http:/nfl.com/"
                },
                {
                    "title":"Formula 1",
                    "url":"http://www.formula1.pl/"
                },
                {
                    "title":"Goal",
                    "url":"http://Goal.com/"
                }
            ]
        },
        {
            "cat":"Gry",
            "sites":[
                {
                    "title":"Gry-online",
                    "url":"http://www.gry-online.pl/"
                },
                {
                    "title":"IGN",
                    "url":"http://ign.com/"
                },
                {
                    "title":"Gry WP.pl",
                    "url":"http://gry.wp.pl/"
                },
                {
                    "title":"Kongregate",
                    "url":" http://m.kongregate.com/"
                },
                {
                    "title":"Popcap",
                    "url":" http://www.popcap.com/"
                }
            ]
        },
        {
            "cat":"Zakupy",
            "sites":[
                {
                    "title":"eBay",
                    "url":"http://ebay.com/"
                },
                {
                    "title":"Allegro",
                    "url":"http://allegro.pl/"
                },
                {
                    "title":"Skapiec",
                    "url":"http://skapiec.pl/"
                },
                {
                    "title":"Ceneo",
                    "url":"http://ceneo.pl/"
                }
            ]
        },
        {
            "cat":"Finanse",
            "sites":[
                {
                    "title":"Bankier",
                    "url":"http://bankier.pl/"
                },
                {
                    "title":"Money",
                    "url":"http://money.pl/"
                }
            ]
        },
        {
            "cat":"Podróże",
            "sites":[
                {
                    "title":"TripAdvisor",
                    "url":"http://tripadvisor.com/"
                },
                {
                    "title":"Expedia",
                    "url":"http://expedia.com/"
                },
                {
                    "title":"Kayak",
                    "url":"http://kayak.com/"
                },
                {
                    "title":"Travelocity",
                    "url":"http://travelocity.com/"
                },
                {
                    "title":"Venere",
                    "url":"http://venere.com/"
                }
            ]
        },
        {
            "cat":"Blogi",
            "sites":[
                {
                    "title":"Antyweb",
                    "url":"http://antyweb.pl/"
                },
                {
                    "title":"Spider's web",
                    "url":"http://spidersweb.pl/"
                },
                {
                    "title":"Mashable",
                    "url":"http://mashable.com/"
                },
                {
                    "title":"Gawker",
                    "url":"http://gawker.com/"
                },
                {
                    "title":"DailyBeast",
                    "url":"http://www.thedailybeast.com/"
                },
                {
                    "title":"Hotair",
                    "url":"http://hotair.com/"
                }
            ]
        },
        {
            "cat":"Motoryzacja",
            "sites":[
                {
                    "title":"MotoAllegro",
                    "url":"http://moto.allegro.pl/"
                },
                {
                    "title":"AutoTeam",
                    "url":"http://autoteam.pl/"
                }
            ]
        },
        {
            "cat":"Email",
            "sites":[
                {
                    "title":"Gmail",
                    "url":"mail.google.com/mail/"
                },
                {
                    "title":"Hotmail",
                    "url":"http://hotmail.com/"
                }
            ]
        },
        {
            "cat":"Usługi ",
            "sites":[
                {
                    "title":"Yelp",
                    "url":"http://yelp.com/"
                },
                {
                    "title":"Craigslist",
                    "url":"http://craigslist.org/"
                },
                {
                    "title":"Pogoda",
                    "url":"http://new.meteo.pl/"
                },
                {
                    "title":"deviantART",
                    "url":"http://deviantart.com/"
                },
                {
                    "title":"delicious",
                    "url":"http://delicious.com/"
                }
            ]
        }
    ]
}

